{
  "config": {
    "num_clients": 10,
    "num_rounds": 100,
    "local_epochs": 5,
    "client_optimizer": "adam",
    "server_aggregator": "clientadam",
    "client_lr": 0.001,
    "server_lr": 1.0,
    "alpha": 0.5,
    "batch_size": 32,
    "seed": 42
  },
  "rounds": [
    1,
    2,
    3,
    4,
    5,
    6,
    7,
    8,
    9,
    10,
    11,
    12,
    13,
    14,
    15,
    16,
    17,
    18,
    19,
    20,
    21,
    22,
    23,
    24,
    25,
    26,
    27,
    28,
    29,
    30,
    31,
    32,
    33,
    34,
    35,
    36,
    37,
    38,
    39,
    40,
    41,
    42,
    43,
    44,
    45,
    46,
    47,
    48,
    49,
    50,
    51,
    52,
    53,
    54,
    55,
    56,
    57,
    58,
    59,
    60,
    61,
    62,
    63,
    64,
    65,
    66,
    67,
    68,
    69,
    70,
    71,
    72,
    73,
    74,
    75,
    76,
    77,
    78,
    79,
    80,
    81,
    82,
    83,
    84,
    85,
    86,
    87,
    88,
    89,
    90,
    91,
    92,
    93,
    94,
    95,
    96,
    97,
    98,
    99,
    100
  ],
  "train_loss": [
    3.4218193084474593,
    1.3242227993314228,
    0.9132660480718764,
    0.7523654599984487,
    0.6612141203312647,
    0.5947629530278463,
    0.5523865859186838,
    0.5134027872293715,
    0.48751976187267,
    0.46456247804656864,
    0.4422910461823146,
    0.4298661287341799,
    0.41440738595667337,
    0.3994143915081781,
    0.3861863569371284,
    0.3653288851418192,
    0.35877945900909486,
    0.34432392437306664,
    0.33725741269096493,
    0.3329708020365427,
    0.32118305528447744,
    0.3139314076730183,
    0.3051539480922714,
    0.2992361914070826,
    0.2954270930753814,
    0.287612703347963,
    0.27888419869400205,
    0.2766772870506559,
    0.2736587921778361,
    0.2673675139981603,
    0.26436120993088164,
    0.26524193372045246,
    0.26400323011099347,
    0.26091407889884616,
    0.2609749374881623,
    0.25870742684318904,
    0.25889324574243455,
    0.25658603485614534,
    0.24676891983974547,
    0.24573696948706159,
    0.2491407130682279,
    0.25470633591924396,
    0.2489006668329239,
    0.2539042958191463,
    0.24934732026997067,
    0.2509243083851678,
    0.2471282071773968,
    0.24759575180591098,
    0.24951843538927654,
    0.2475177672883821,
    0.2430896202013606,
    0.24656136629600373,
    0.24373069192681993,
    0.2511815167372189,
    0.2466293585205835,
    0.24768339334026215,
    0.24805704113982974,
    0.252717601874518,
    0.25001049420190236,
    0.26071908478699035,
    0.25868700231824604,
    0.24848010308212704,
    0.25338054649413577,
    0.272550887295178,
    0.24380669246117273,
    0.25361339641468866,
    0.2538725846107044,
    0.24569792596120682,
    0.27520946756241815,
    0.26353442869962207,
    0.2560914864852315,
    0.25667822136292384,
    0.28572381157723686,
    0.25845096898930414,
    0.2577731426036547,
    0.2572478780907298,
    0.27004150537744404,
    0.28164103130499524,
    0.26558322920685723,
    0.29892674561530824,
    0.2593469751023111,
    0.26903410705309067,
    0.2695974301960733,
    0.26558505045989206,
    0.29422166588760557,
    0.27679294324110426,
    0.2919019653447091,
    0.30813243464818074,
    0.29108513844391654,
    0.2767861655780247,
    0.27972340761196046,
    0.2678679795492263,
    0.27664001286029816,
    0.2714466865337084,
    0.26552623770539724,
    0.25896451503984513,
    0.3091502823526897,
    0.3018486246703163,
    0.31021463421602097,
    0.2972667352074668
  ],
  "test_loss": [
    3.4460240885362787,
    1.4178362306901964,
    1.0402596080202167,
    0.905716061592102,
    0.831825894319405,
    0.7893852971620479,
    0.7644476766808558,
    0.7480861100099855,
    0.7380309856291545,
    0.7294207409150519,
    0.7190498309999199,
    0.725339144531448,
    0.7206307398313183,
    0.7215018255351964,
    0.7239113462678457,
    0.7088890989326825,
    0.7159283130224479,
    0.7113054772302255,
    0.7046994421062833,
    0.7284693901695437,
    0.7026414462065292,
    0.7298305087675483,
    0.7165127485611681,
    0.7255205404076536,
    0.7269696954132642,
    0.721841595119844,
    0.6904906558535867,
    0.7333299935937433,
    0.7007070763068179,
    0.7062532563962168,
    0.69202155657744,
    0.7018718657604719,
    0.727496075996403,
    0.6990278746490761,
    0.7030204062871004,
    0.6884109231059329,
    0.7010133225723343,
    0.7099280471013765,
    0.7263286601183778,
    0.7544675544851412,
    0.7225143421378176,
    0.6785948609901686,
    0.6916098816920135,
    0.6719399249907267,
    0.6932503798250425,
    0.6990316024649952,
    0.6902696906383765,
    0.6734824073264154,
    0.6629011513570607,
    0.6917836856475826,
    0.7045640209531885,
    0.7076388361342882,
    0.7029972962908826,
    0.6730596380844965,
    0.6747573613489078,
    0.670752682107485,
    0.6731786804305295,
    0.6792356816388793,
    0.6775674917814085,
    0.6535279348618903,
    0.6634165430915052,
    0.6746544632744991,
    0.6779845858908305,
    0.6597157417465065,
    0.7117461674862494,
    0.6621087633578454,
    0.6852272853760396,
    0.6865748329940489,
    0.6644214448534836,
    0.6682673024045209,
    0.6738381431895798,
    0.6789570459622448,
    0.6507533838562036,
    0.6831673244172234,
    0.6863358732376058,
    0.6707358481520314,
    0.6590122519913366,
    0.6630594388787019,
    0.6712893024718357,
    0.6553508236499156,
    0.6929860340462903,
    0.6813567828197601,
    0.6667374530333584,
    0.6725210705929894,
    0.6562365808097993,
    0.6597893164824631,
    0.6489683053756164,
    0.6588950294811847,
    0.6588092754452916,
    0.6688573861778793,
    0.6660789349826716,
    0.672518507214421,
    0.6716272682582928,
    0.6665899903213574,
    0.6772126888193316,
    0.6856720353460918,
    0.6634982997330569,
    0.6617423442460723,
    0.671054963338173,
    0.6654895150686725
  ],
  "test_accuracy": [
    42.61333333333334,
    64.48,
    71.68,
    74.88,
    76.85333333333334,
    77.89333333333333,
    79.14666666666666,
    79.76,
    79.78666666666666,
    79.92,
    80.53333333333333,
    80.29333333333334,
    80.50666666666666,
    80.64,
    80.74666666666667,
    81.04,
    81.12,
    81.52,
    81.25333333333333,
    81.41333333333333,
    81.6,
    81.70666666666666,
    81.57333333333334,
    81.97333333333333,
    81.86666666666666,
    82.08,
    81.94666666666667,
    81.86666666666666,
    81.94666666666667,
    82.10666666666667,
    82.16,
    82.13333333333334,
    81.65333333333334,
    82.02666666666667,
    81.84,
    82.13333333333334,
    81.68,
    82.08,
    82.4,
    82.4,
    82.16,
    82.13333333333334,
    82.0,
    82.02666666666667,
    82.64,
    82.13333333333334,
    82.34666666666666,
    82.42666666666666,
    82.32,
    82.21333333333334,
    82.18666666666667,
    82.18666666666667,
    82.21333333333334,
    82.45333333333333,
    82.18666666666667,
    82.34666666666666,
    82.13333333333334,
    82.10666666666667,
    82.10666666666667,
    82.18666666666667,
    82.26666666666667,
    81.89333333333333,
    82.05333333333333,
    81.6,
    81.97333333333333,
    81.94666666666667,
    82.02666666666667,
    81.97333333333333,
    82.13333333333334,
    81.86666666666666,
    81.86666666666666,
    81.73333333333333,
    81.70666666666666,
    81.49333333333334,
    81.89333333333333,
    81.78666666666666,
    81.70666666666666,
    81.70666666666666,
    82.02666666666667,
    81.30666666666667,
    81.97333333333333,
    81.54666666666667,
    81.70666666666666,
    81.81333333333333,
    81.44,
    81.76,
    81.76,
    81.49333333333334,
    81.73333333333333,
    81.68,
    81.86666666666666,
    82.21333333333334,
    81.94666666666667,
    81.78666666666666,
    82.05333333333333,
    81.94666666666667,
    81.25333333333333,
    81.12,
    81.09333333333333,
    81.12
  ]
}