{
  "config": {
    "num_clients": 10,
    "num_rounds": 100,
    "local_epochs": 5,
    "client_optimizer": "sgd",
    "server_aggregator": "fedamsgrad",
    "client_lr": 0.01,
    "server_lr": 0.01,
    "alpha": 0.5,
    "batch_size": 32,
    "seed": 42
  },
  "rounds": [
    1,
    2,
    3,
    4,
    5,
    6,
    7,
    8,
    9,
    10,
    11,
    12,
    13,
    14,
    15,
    16,
    17,
    18,
    19,
    20,
    21,
    22,
    23,
    24,
    25,
    26,
    27,
    28,
    29,
    30,
    31,
    32,
    33,
    34,
    35,
    36,
    37,
    38,
    39,
    40,
    41,
    42,
    43,
    44,
    45,
    46,
    47,
    48,
    49,
    50,
    51,
    52,
    53,
    54,
    55,
    56,
    57,
    58,
    59,
    60,
    61,
    62,
    63,
    64,
    65,
    66,
    67,
    68,
    69,
    70,
    71,
    72,
    73,
    74,
    75,
    76,
    77,
    78,
    79,
    80,
    81,
    82,
    83,
    84,
    85,
    86,
    87,
    88,
    89,
    90,
    91,
    92,
    93,
    94,
    95,
    96,
    97,
    98,
    99,
    100
  ],
  "train_loss": [
    5.811545689900716,
    3.848935535975865,
    3.4005649657476518,
    3.149221874418713,
    2.519613909342932,
    2.066060075684199,
    1.8412251056186737,
    1.6624875087586661,
    1.527225707258497,
    1.3840606430220226,
    1.255045823634617,
    1.1421561127617246,
    1.0516761730587671,
    0.9923946829069228,
    0.9588726063569387,
    0.9159948385897136,
    0.8637322390836383,
    0.805163059915815,
    0.756174505703033,
    0.7231946790975238,
    0.699749557744889,
    0.6813280669942735,
    0.6634614727799855,
    0.64454856302057,
    0.6239627564237231,
    0.6052379811566974,
    0.5886859846493554,
    0.5753801973566176,
    0.5632442273790874,
    0.5529497667910561,
    0.5433668584104568,
    0.5341282569699817,
    0.5266839570942379,
    0.5197856771567512,
    0.5120251942721624,
    0.5035270322409887,
    0.4949979011028532,
    0.4867045794214521,
    0.4787556408416657,
    0.4720231022626635,
    0.465885891800835,
    0.46033062868648106,
    0.4553923282831434,
    0.4504380129159443,
    0.44438566811501035,
    0.43819797535737354,
    0.43250237831047605,
    0.4280616697810945,
    0.42404021157158744,
    0.42021178844429197,
    0.4169883541171513,
    0.4112037585841285,
    0.4050984408647295,
    0.3997954764063396,
    0.3963646051429567,
    0.39367687915052685,
    0.3916400663909458,
    0.3911181591332905,
    0.38852482277249534,
    0.38458590114873553,
    0.3798803293279239,
    0.3741089854212034,
    0.3700645479654509,
    0.36724348614613217,
    0.36451360689742224,
    0.36087709038503585,
    0.35718459198399194,
    0.35422252414245453,
    0.3523819453659512,
    0.3492812632568299,
    0.3468311894980688,
    0.34350544900175123,
    0.34068558802680365,
    0.33653449373585836,
    0.3333893809763212,
    0.33109515491459107,
    0.32833453291465364,
    0.32512521590032273,
    0.32288849259179736,
    0.32036253727144665,
    0.3182532459733978,
    0.31672751406828564,
    0.3158254023818743,
    0.31513030436776934,
    0.313971901815089,
    0.311277435649009,
    0.3085970247075671,
    0.30576762935471913,
    0.3029074079933621,
    0.29973863893085056,
    0.29633111660442657,
    0.29327410897092215,
    0.29060979033746415,
    0.28764015187819797,
    0.2849888691589946,
    0.2829345405574829,
    0.28123214438794153,
    0.28006279645931154,
    0.2786403222689553,
    0.27750366323051
  ],
  "test_loss": [
    5.894316022678957,
    3.8911759287624035,
    3.422381219217333,
    3.1736003908060364,
    2.5567075882927845,
    2.11248855772665,
    1.9107842152401553,
    1.7714729965743372,
    1.6662510391009056,
    1.5234605584104182,
    1.3782224397538072,
    1.2515545830888264,
    1.155944016525301,
    1.0986721177222365,
    1.066517757157148,
    1.0252388089390125,
    0.9734890304379544,
    0.9175459669303085,
    0.8710137848126687,
    0.8402778645188121,
    0.819643613898148,
    0.8039499033810729,
    0.7899217380810593,
    0.7749579404875383,
    0.7592391434867504,
    0.7457558108588397,
    0.7338195907867561,
    0.7238354003530437,
    0.7136773326891964,
    0.7036528747718213,
    0.6954599341093484,
    0.6882575861478256,
    0.6833554348450596,
    0.6804130533236569,
    0.6781655001943394,
    0.6752543300390244,
    0.6702464000653412,
    0.664703623533754,
    0.6589236762058936,
    0.6535679386076281,
    0.6499073162548623,
    0.6469784060145839,
    0.6441000810492847,
    0.6413581528527251,
    0.6387175742094799,
    0.6362984460162915,
    0.6348667492048216,
    0.6345244223030947,
    0.6354888879015284,
    0.6356349246481717,
    0.635057428883294,
    0.63133338384204,
    0.62691952313407,
    0.6228492202521381,
    0.6205929078287997,
    0.6186643198637639,
    0.6177411104031538,
    0.6196663339259261,
    0.6203673695356159,
    0.6207180783405142,
    0.6193331906856117,
    0.6157774920180693,
    0.6157698454493183,
    0.6161422286877187,
    0.6159434509858236,
    0.6141452445822247,
    0.607571232179969,
    0.6049786368542809,
    0.6044446219200805,
    0.6042748347429906,
    0.605853434399528,
    0.6072770883092435,
    0.6090949126598189,
    0.6095559821795609,
    0.6089250411901433,
    0.60772109492603,
    0.6053194622745959,
    0.6021422321387266,
    0.5994348673749779,
    0.5977718967123556,
    0.596472733796148,
    0.5959276628317469,
    0.5969663674674802,
    0.5990838286608963,
    0.6011566558252956,
    0.6024629807068129,
    0.6045435765537165,
    0.6055404429592318,
    0.6052554497905707,
    0.6034966262088994,
    0.6010661882869268,
    0.5986948582833096,
    0.5976303736284628,
    0.5975903703878491,
    0.5988164141900458,
    0.6010419072236045,
    0.6027664461378324,
    0.6031771816186986,
    0.6021550182821387,
    0.6013128645086693
  ],
  "test_accuracy": [
    3.28,
    14.586666666666666,
    21.84,
    37.68,
    44.42666666666667,
    49.44,
    52.266666666666666,
    55.46666666666667,
    57.38666666666666,
    59.76,
    62.96,
    65.68,
    67.65333333333334,
    68.42666666666666,
    68.34666666666666,
    68.50666666666666,
    69.94666666666667,
    71.97333333333333,
    73.94666666666667,
    74.8,
    75.25333333333333,
    75.81333333333333,
    76.16,
    76.61333333333333,
    77.25333333333333,
    77.44,
    78.0,
    78.13333333333334,
    78.21333333333334,
    78.48,
    78.82666666666667,
    78.88,
    78.82666666666667,
    78.98666666666666,
    78.98666666666666,
    78.90666666666667,
    79.09333333333333,
    79.46666666666667,
    79.76,
    79.89333333333333,
    80.08,
    80.32,
    80.18666666666667,
    80.26666666666667,
    80.24,
    80.32,
    80.42666666666666,
    80.50666666666666,
    80.56,
    80.61333333333333,
    80.85333333333334,
    81.04,
    81.01333333333334,
    81.2,
    81.36,
    81.57333333333334,
    81.44,
    81.17333333333333,
    81.33333333333333,
    81.25333333333333,
    81.41333333333333,
    81.6,
    81.41333333333333,
    81.49333333333334,
    81.28,
    81.41333333333333,
    81.52,
    81.62666666666667,
    81.70666666666666,
    81.70666666666666,
    81.49333333333334,
    81.46666666666667,
    81.33333333333333,
    81.6,
    81.57333333333334,
    81.78666666666666,
    81.89333333333333,
    81.76,
    81.86666666666666,
    82.02666666666667,
    82.05333333333333,
    82.13333333333334,
    82.16,
    82.18666666666667,
    81.84,
    81.78666666666666,
    81.62666666666667,
    81.70666666666666,
    81.86666666666666,
    82.0,
    82.02666666666667,
    82.16,
    82.29333333333334,
    82.29333333333334,
    82.37333333333333,
    82.21333333333334,
    82.08,
    82.05333333333333,
    82.24,
    82.18666666666667
  ]
}