{
  "config": {
    "num_clients": 10,
    "num_rounds": 100,
    "local_epochs": 5,
    "client_optimizer": "sgd",
    "server_aggregator": "fedavg",
    "client_lr": 0.01,
    "server_lr": 1.0,
    "alpha": 0.5,
    "batch_size": 32,
    "seed": 42
  },
  "rounds": [
    1,
    2,
    3,
    4,
    5,
    6,
    7,
    8,
    9,
    10,
    11,
    12,
    13,
    14,
    15,
    16,
    17,
    18,
    19,
    20,
    21,
    22,
    23,
    24,
    25,
    26,
    27,
    28,
    29,
    30,
    31,
    32,
    33,
    34,
    35,
    36,
    37,
    38,
    39,
    40,
    41,
    42,
    43,
    44,
    45,
    46,
    47,
    48,
    49,
    50,
    51,
    52,
    53,
    54,
    55,
    56,
    57,
    58,
    59,
    60,
    61,
    62,
    63,
    64,
    65,
    66,
    67,
    68,
    69,
    70,
    71,
    72,
    73,
    74,
    75,
    76,
    77,
    78,
    79,
    80,
    81,
    82,
    83,
    84,
    85,
    86,
    87,
    88,
    89,
    90,
    91,
    92,
    93,
    94,
    95,
    96,
    97,
    98,
    99,
    100
  ],
  "train_loss": [
    3.8200196122366283,
    3.71189532582722,
    3.6360841213710726,
    3.360101128381396,
    2.79798358205765,
    2.254492962171161,
    1.8869907496467468,
    1.6402836110856798,
    1.4826423478504969,
    1.328513589170244,
    1.2206216870792328,
    1.113401000461881,
    1.0350220931900873,
    0.9711189525468009,
    0.9159444982097262,
    0.8653922052610488,
    0.8623837133248647,
    0.7955713650536915,
    0.7652635806136661,
    0.7400264224362751,
    0.7129925390084585,
    0.6972583229579623,
    0.6763517861328427,
    0.6602463703306894,
    0.6561141548648713,
    0.6385118386575154,
    0.6196243859945781,
    0.6247562543740348,
    0.6010295892991717,
    0.5942492373878994,
    0.5777926515965235,
    0.580073963082026,
    0.5668594439824423,
    0.5504237943225436,
    0.5461164303715267,
    0.5354289497647967,
    0.5427401203011709,
    0.522030476539854,
    0.5159754601735917,
    0.5078902100286786,
    0.5064305729336209,
    0.5068090938859515,
    0.49230405286191004,
    0.48427078577261123,
    0.4826003410040386,
    0.4837304533474029,
    0.4739182236648741,
    0.46993006269137066,
    0.46327179812249686,
    0.4609478253220755,
    0.4548886420707854,
    0.44739510733929894,
    0.4480693354493096,
    0.4436336005963976,
    0.441434944905932,
    0.43487477326203905,
    0.43381037432996056,
    0.43475427987083554,
    0.4370314327497331,
    0.42172160484488047,
    0.4275099166801998,
    0.42356571768011364,
    0.42141852397767326,
    0.4129739474682581,
    0.4115605361404873,
    0.4078791139144746,
    0.40536750853061676,
    0.399512783165962,
    0.41472504489005557,
    0.3936601070657609,
    0.39051557722545804,
    0.3886464122268889,
    0.39009036951594883,
    0.38709879891266896,
    0.38620288930242025,
    0.38354109653404783,
    0.37891289828315616,
    0.3773755293989938,
    0.37728316703486064,
    0.37026934254737126,
    0.37461206482516396,
    0.37137505341143834,
    0.37518766877197085,
    0.36667017969820237,
    0.36336185558447764,
    0.36139618049538325,
    0.3549432714307119,
    0.3574212832110269,
    0.3559905042250951,
    0.3541570452470628,
    0.35107997343653724,
    0.3504986176415095,
    0.34873327802097986,
    0.35161085781596957,
    0.3454181757711229,
    0.3410120185405489,
    0.34145965415333945,
    0.3351245342739045,
    0.33441037353542113,
    0.3345698004677182
  ],
  "test_loss": [
    3.835317165164624,
    3.730962868464195,
    3.6562012979539773,
    3.3865386692144104,
    2.8313582893145286,
    2.31263862221928,
    1.9666345584190499,
    1.7267512759919894,
    1.5709624351081202,
    1.4151265823234946,
    1.3264115240614294,
    1.2084919290017273,
    1.1363459310289157,
    1.077665523957398,
    1.0233163358801503,
    0.9796955413737539,
    0.963600805755389,
    0.9132522420357849,
    0.8843799273846513,
    0.8600007111238221,
    0.8388696580620135,
    0.8241340586189496,
    0.8067508908146519,
    0.789272008053327,
    0.7897500547312074,
    0.7837856401831417,
    0.7637305022296259,
    0.7631649529024706,
    0.7455644802016727,
    0.735239164051363,
    0.7279098114724887,
    0.7238458935487069,
    0.7223432513616853,
    0.7066371286824599,
    0.7038350888228012,
    0.6962737370345552,
    0.6982713408641896,
    0.6876312373048168,
    0.6871648476285449,
    0.6780341051645198,
    0.6774521000304464,
    0.680001050738965,
    0.6635454108907004,
    0.6625399891350229,
    0.6623871523444935,
    0.6673171631360458,
    0.6595108147899983,
    0.6581245322348708,
    0.6525240313198607,
    0.6553853014010494,
    0.6539599578511917,
    0.6473815696219266,
    0.6466429781610683,
    0.6393247170973633,
    0.6404840281959308,
    0.6373430048510179,
    0.6381548309730272,
    0.6407954831749706,
    0.6421476390402195,
    0.6343170739078926,
    0.636260855753543,
    0.6328966628949521,
    0.6395900463527542,
    0.6292180341936774,
    0.6348856442560584,
    0.6265604410131099,
    0.6272082612928698,
    0.6251614616583969,
    0.6338597083369554,
    0.6231522570222111,
    0.6214601507378836,
    0.6222278694858996,
    0.6187577524806483,
    0.6178560292316695,
    0.6189625120516551,
    0.6212524781792851,
    0.6185317479579125,
    0.623931915009931,
    0.6227875813462976,
    0.6123582434098599,
    0.6173498226424395,
    0.6176970103534601,
    0.6154601034724106,
    0.616172805933629,
    0.6189779960629294,
    0.6151934108870515,
    0.6170961283526178,
    0.6153477305956816,
    0.615222916385885,
    0.6151370101813542,
    0.6122677087531252,
    0.6133946562343735,
    0.6114303997512591,
    0.6164681749828791,
    0.613238264001527,
    0.6099615708877475,
    0.6113158973344301,
    0.6082423347032676,
    0.6086835349767895,
    0.6094158946583836
  ],
  "test_accuracy": [
    3.28,
    9.706666666666667,
    12.453333333333333,
    24.053333333333335,
    40.21333333333333,
    47.17333333333333,
    52.42666666666667,
    56.96,
    58.77333333333333,
    63.14666666666667,
    63.76,
    66.93333333333334,
    69.06666666666666,
    70.16,
    71.22666666666667,
    71.73333333333333,
    72.74666666666667,
    73.57333333333334,
    74.34666666666666,
    75.25333333333333,
    75.62666666666667,
    75.76,
    76.05333333333333,
    76.82666666666667,
    77.14666666666666,
    76.32,
    77.12,
    77.2,
    77.62666666666667,
    78.08,
    78.05333333333333,
    78.56,
    78.16,
    78.98666666666666,
    79.14666666666666,
    79.01333333333334,
    78.96,
    79.54666666666667,
    79.65333333333334,
    79.84,
    79.38666666666667,
    79.62666666666667,
    80.10666666666667,
    80.4,
    80.42666666666666,
    79.94666666666667,
    80.10666666666667,
    80.08,
    80.58666666666667,
    80.69333333333333,
    80.42666666666666,
    80.72,
    81.01333333333334,
    81.33333333333333,
    80.53333333333333,
    81.01333333333334,
    81.17333333333333,
    81.06666666666666,
    80.93333333333334,
    81.44,
    80.64,
    81.01333333333334,
    80.85333333333334,
    81.49333333333334,
    81.28,
    81.62666666666667,
    81.6,
    81.73333333333333,
    80.96,
    81.73333333333333,
    82.18666666666667,
    81.54666666666667,
    81.68,
    81.86666666666666,
    81.97333333333333,
    81.92,
    81.68,
    81.46666666666667,
    81.17333333333333,
    82.24,
    81.54666666666667,
    81.70666666666666,
    81.76,
    81.92,
    82.10666666666667,
    81.86666666666666,
    81.73333333333333,
    82.16,
    81.62666666666667,
    81.49333333333334,
    81.76,
    81.78666666666666,
    81.78666666666666,
    82.13333333333334,
    81.94666666666667,
    82.13333333333334,
    82.29333333333334,
    81.86666666666666,
    82.26666666666667,
    81.97333333333333
  ]
}