{
  "config": {
    "num_clients": 10,
    "num_rounds": 100,
    "local_epochs": 5,
    "client_optimizer": "sgd",
    "server_aggregator": "fedyogi",
    "client_lr": 0.01,
    "server_lr": 0.01,
    "alpha": 0.5,
    "batch_size": 32,
    "seed": 42
  },
  "rounds": [
    1,
    2,
    3,
    4,
    5,
    6,
    7,
    8,
    9,
    10,
    11,
    12,
    13,
    14,
    15,
    16,
    17,
    18,
    19,
    20,
    21,
    22,
    23,
    24,
    25,
    26,
    27,
    28,
    29,
    30,
    31,
    32,
    33,
    34,
    35,
    36,
    37,
    38,
    39,
    40,
    41,
    42,
    43,
    44,
    45,
    46,
    47,
    48,
    49,
    50,
    51,
    52,
    53,
    54,
    55,
    56,
    57,
    58,
    59,
    60,
    61,
    62,
    63,
    64,
    65,
    66,
    67,
    68,
    69,
    70,
    71,
    72,
    73,
    74,
    75,
    76,
    77,
    78,
    79,
    80,
    81,
    82,
    83,
    84,
    85,
    86,
    87,
    88,
    89,
    90,
    91,
    92,
    93,
    94,
    95,
    96,
    97,
    98,
    99,
    100
  ],
  "train_loss": [
    5.770394998883444,
    3.9212885621994262,
    3.387765032904489,
    3.143756586407858,
    2.521277512822832,
    2.109102964401245,
    1.8985818340664817,
    1.692666666848319,
    1.5295227302445307,
    1.3960017741672577,
    1.2815354069073994,
    1.1649644658679055,
    1.0627367827627394,
    1.0056647516432262,
    0.9818419038303314,
    0.9324333856976221,
    0.8617682220443846,
    0.7855681261372944,
    0.7337271826607841,
    0.7056037807275378,
    0.6880405720264192,
    0.6708971023086517,
    0.6510697132538236,
    0.6318675419167866,
    0.6124684716027881,
    0.5942197870167475,
    0.5778418703684731,
    0.5624000307113405,
    0.5466549001515858,
    0.5354225115170554,
    0.5286686084573231,
    0.5215169983723807,
    0.5125475431245471,
    0.5023691507558974,
    0.4898266780471045,
    0.4773956016888694,
    0.46720454782720594,
    0.46026172477101523,
    0.45535174012184143,
    0.4511467864116033,
    0.4456018457810084,
    0.43981775972578263,
    0.4330479952078017,
    0.42594288455115425,
    0.4175170011936672,
    0.4099664617152441,
    0.4044061064247101,
    0.40123964680565727,
    0.39816082138863823,
    0.39349696702427334,
    0.38792033020466093,
    0.3809020214137577,
    0.37535670068528915,
    0.3708493049655642,
    0.3682957128399894,
    0.3664852865631618,
    0.36528630057970685,
    0.3641192702546952,
    0.36026303683008465,
    0.3543220143469553,
    0.3470612238087351,
    0.34112148743773263,
    0.33847710253700375,
    0.33705420047044754,
    0.33579147938225007,
    0.3318937299033952,
    0.3278274100924295,
    0.3246653783652518,
    0.3217786858006129,
    0.3181780148593206,
    0.3165091971556346,
    0.31469320848820703,
    0.31358778039141305,
    0.3099315144003384,
    0.30510017098415465,
    0.3002752422813385,
    0.29605931966077714,
    0.2933252445525593,
    0.2920252795493792,
    0.2901448588522654,
    0.2887822043091532,
    0.2886641307009591,
    0.2902598022705033,
    0.28982286817497677,
    0.28727089353497065,
    0.2818296996373979,
    0.27676560505042,
    0.27278064546130953,
    0.2694799861028081,
    0.2663011047102156,
    0.2637502614940916,
    0.26087102341273477,
    0.25952884933305165,
    0.2583979843627839,
    0.2563648154101675,
    0.2539756035520917,
    0.25180950275962316,
    0.2500358422597249,
    0.24859328142234258,
    0.24820055966339413
  ],
  "test_loss": [
    5.863139374781463,
    3.9595195519722113,
    3.409841284913532,
    3.1711060657339583,
    2.561482995243396,
    2.154185345617391,
    1.9638978354001448,
    1.7963522950471458,
    1.6638227549649902,
    1.5317355556003118,
    1.4071836123021984,
    1.2787751004857533,
    1.1726846619177673,
    1.1176580003762648,
    1.094300095307625,
    1.0446369137804388,
    0.9758519373707852,
    0.9044472077640436,
    0.8561262149932021,
    0.8303743100772469,
    0.8160864299131652,
    0.8003800738666017,
    0.7813719190278295,
    0.7636838674040164,
    0.7468477351180578,
    0.7333455699480186,
    0.7218516400810016,
    0.7116347812747551,
    0.7009254888457767,
    0.6926890447483225,
    0.6882015728091789,
    0.6829588579929481,
    0.6775459159733885,
    0.6721191041297832,
    0.6659986708881491,
    0.6587514387980357,
    0.6511547506108122,
    0.6479563054518175,
    0.6463502081647768,
    0.6450022464712798,
    0.6429746627049931,
    0.6401024537192563,
    0.6362846355443283,
    0.6324189389913769,
    0.6278735343051158,
    0.6249560216220759,
    0.6244179610226114,
    0.6248845471921614,
    0.6255437104126155,
    0.6238204134722888,
    0.6210090679637457,
    0.6167570327298116,
    0.6142593172647185,
    0.6114110154873234,
    0.6105661301289574,
    0.6106284241807662,
    0.6113392866011393,
    0.6130730665083659,
    0.6136180523593547,
    0.6135271734605401,
    0.6105251857789896,
    0.6061022085279731,
    0.6066529954767833,
    0.6077587645564039,
    0.6080332616880789,
    0.6056961700067682,
    0.5998407301129931,
    0.599155836123026,
    0.5999481545413955,
    0.600034876016237,
    0.6016666502139326,
    0.6049317108246229,
    0.607520997966245,
    0.6070978718541437,
    0.6030683770018109,
    0.5983983246072874,
    0.5943266511342283,
    0.5923853070175243,
    0.5921027860525301,
    0.5925235200231358,
    0.5942605961177309,
    0.5982456128981154,
    0.604745682770923,
    0.6074779710527194,
    0.6067121016903448,
    0.6026398314131518,
    0.5991011225949909,
    0.5964943287357435,
    0.5953455784563291,
    0.5946305896139751,
    0.5952604851859101,
    0.5980185284831766,
    0.6009997435671798,
    0.6044014886147895,
    0.6046169183643187,
    0.6023286036136797,
    0.5996906794607639,
    0.5975092262408491,
    0.5962365729955293,
    0.5953809250209291
  ],
  "test_accuracy": [
    3.28,
    14.32,
    24.426666666666666,
    37.46666666666667,
    42.88,
    48.50666666666667,
    51.76,
    55.25333333333333,
    57.44,
    59.54666666666667,
    62.026666666666664,
    64.45333333333333,
    67.36,
    67.09333333333333,
    66.61333333333333,
    67.78666666666666,
    69.70666666666666,
    72.77333333333333,
    74.58666666666667,
    75.54666666666667,
    75.81333333333333,
    76.29333333333334,
    76.77333333333333,
    77.25333333333333,
    77.84,
    78.13333333333334,
    78.26666666666667,
    78.13333333333334,
    78.66666666666667,
    78.69333333333333,
    78.93333333333334,
    79.01333333333334,
    78.93333333333334,
    79.14666666666666,
    79.44,
    79.46666666666667,
    79.76,
    80.24,
    80.48,
    80.56,
    80.72,
    80.53333333333333,
    80.58666666666667,
    80.82666666666667,
    80.77333333333333,
    80.82666666666667,
    80.96,
    81.09333333333333,
    81.06666666666666,
    80.90666666666667,
    81.01333333333334,
    81.06666666666666,
    81.36,
    81.49333333333334,
    81.54666666666667,
    81.57333333333334,
    81.57333333333334,
    81.49333333333334,
    81.52,
    81.44,
    81.68,
    81.81333333333333,
    81.70666666666666,
    81.62666666666667,
    81.73333333333333,
    81.62666666666667,
    81.81333333333333,
    81.94666666666667,
    82.05333333333333,
    82.10666666666667,
    82.21333333333334,
    81.89333333333333,
    81.81333333333333,
    81.73333333333333,
    81.65333333333334,
    81.97333333333333,
    82.50666666666666,
    82.50666666666666,
    82.48,
    82.29333333333334,
    82.24,
    81.94666666666667,
    81.65333333333334,
    81.78666666666666,
    81.62666666666667,
    81.76,
    82.02666666666667,
    82.26666666666667,
    82.29333333333334,
    82.24,
    82.29333333333334,
    82.4,
    82.4,
    82.24,
    82.16,
    82.18666666666667,
    81.92,
    81.86666666666666,
    82.21333333333334,
    82.29333333333334
  ]
}