{
  "config": {
    "num_clients": 10,
    "num_rounds": 100,
    "local_epochs": 5,
    "client_optimizer": "sgd",
    "server_aggregator": "fedadam",
    "client_lr": 0.01,
    "server_lr": 0.01,
    "alpha": 0.5,
    "batch_size": 32,
    "seed": 42
  },
  "rounds": [
    1,
    2,
    3,
    4,
    5,
    6,
    7,
    8,
    9,
    10,
    11,
    12,
    13,
    14,
    15,
    16,
    17,
    18,
    19,
    20,
    21,
    22,
    23,
    24,
    25,
    26,
    27,
    28,
    29,
    30,
    31,
    32,
    33,
    34,
    35,
    36,
    37,
    38,
    39,
    40,
    41,
    42,
    43,
    44,
    45,
    46,
    47,
    48,
    49,
    50,
    51,
    52,
    53,
    54,
    55,
    56,
    57,
    58,
    59,
    60,
    61,
    62,
    63,
    64,
    65,
    66,
    67,
    68,
    69,
    70,
    71,
    72,
    73,
    74,
    75,
    76,
    77,
    78,
    79,
    80,
    81,
    82,
    83,
    84,
    85,
    86,
    87,
    88,
    89,
    90,
    91,
    92,
    93,
    94,
    95,
    96,
    97,
    98,
    99,
    100
  ],
  "train_loss": [
    5.805691143823048,
    3.9249758947463262,
    3.3904532061682806,
    3.154628867194766,
    2.5319455521447316,
    2.1035404602686563,
    1.9073414518719627,
    1.7248309188418918,
    1.552946943139273,
    1.3908382777183774,
    1.2705520921283298,
    1.1569165691496834,
    1.0654768565344432,
    1.0112617995057787,
    0.9780143428416479,
    0.9213650983477396,
    0.8510772950119443,
    0.7850982333932605,
    0.7414326629941426,
    0.714745243863454,
    0.6939833708225734,
    0.6733006842079616,
    0.6513193043924513,
    0.6315113951762518,
    0.6123469285075627,
    0.5956558147593151,
    0.5806586103779929,
    0.5660199797342694,
    0.5521054487852823,
    0.5404983548417924,
    0.5322419788156237,
    0.5232944945021282,
    0.5128265198261018,
    0.5015680023602077,
    0.4888383573482907,
    0.47799741062853074,
    0.46886787693651893,
    0.46260105168062543,
    0.4570664096446264,
    0.45134373127468047,
    0.4446486147150161,
    0.4379689080847634,
    0.43106737543666174,
    0.42441029633794514,
    0.41690337232181,
    0.4100064190607222,
    0.40472027541153016,
    0.400279990500874,
    0.39620232794966015,
    0.3917308234506183,
    0.38651601662711493,
    0.38058288844804916,
    0.3755709964131552,
    0.3715046100200169,
    0.36800540226792533,
    0.363716151033129,
    0.3594831028391445,
    0.3575739970519429,
    0.35419856461267624,
    0.348283961533554,
    0.342938484653594,
    0.3381633542123295,
    0.3350526485887785,
    0.33183162328269744,
    0.32802475042759427,
    0.32355934014869114,
    0.3201240741071247,
    0.31799553240102435,
    0.31667750234168673,
    0.313979011324663,
    0.310671414292994,
    0.3068792979632105,
    0.30419517237515675,
    0.3012974025711181,
    0.29822876883877647,
    0.29455942506828003,
    0.28992508198060685,
    0.28616536243094337,
    0.28324220199433586,
    0.2802061763784242,
    0.2792478312575628,
    0.27931050092927995,
    0.28156573159827125,
    0.28281977051307283,
    0.2799178833762805,
    0.2724614544283776,
    0.26668096452005324,
    0.262867050866286,
    0.25980202286016374,
    0.25815303942986895,
    0.25708940175790634,
    0.2554479431774881,
    0.25408499415904756,
    0.2536706965830591,
    0.25250094372128684,
    0.25054162989060086,
    0.24805101302881088,
    0.24514015834955943,
    0.24306312865681118,
    0.24184478795717632
  ],
  "test_loss": [
    5.889442072076313,
    3.9663138248152654,
    3.4140811754485307,
    3.178845716735064,
    2.569046397330397,
    2.150903101694786,
    1.980597094964173,
    1.8359834390171503,
    1.6904848026017012,
    1.5271426237235635,
    1.3957678039195174,
    1.2735561849707264,
    1.1806290680069034,
    1.1276750059451086,
    1.0942588716240254,
    1.037835927332862,
    0.9696112272597975,
    0.9071754285339582,
    0.8654973527132455,
    0.8407650276765986,
    0.8223787137007309,
    0.8022877685094284,
    0.7813599753682896,
    0.7635286614551382,
    0.7478538342451645,
    0.7356353485483235,
    0.7250299418376664,
    0.7152840527942625,
    0.7066547464011079,
    0.6992484593795518,
    0.6945354744034299,
    0.6878485300783383,
    0.680160511095645,
    0.6728473814614748,
    0.6664338321503946,
    0.6603088072043354,
    0.6529152666739488,
    0.6496048324062662,
    0.6477105947116674,
    0.6454935723568423,
    0.6425234185437024,
    0.6400114340802371,
    0.6370803391781904,
    0.6336061470841957,
    0.6298040184429137,
    0.6263051298210176,
    0.6250348947310852,
    0.6237927778797635,
    0.6224214665717998,
    0.6193429703934717,
    0.6173599268925392,
    0.615764576752307,
    0.615981908799228,
    0.6155802891668627,
    0.6163754573060294,
    0.6150484871813806,
    0.6131738455871404,
    0.6146006522289778,
    0.6141906040957419,
    0.6121702658928047,
    0.6078501077274144,
    0.6033908977346906,
    0.603983897968369,
    0.6046653696162215,
    0.6040117316326853,
    0.602271447179176,
    0.5980558075263338,
    0.5971657166541633,
    0.5985424265391746,
    0.5995263519807387,
    0.6016612131211717,
    0.6035148918754973,
    0.6043194971220979,
    0.6045832927575556,
    0.6022934457760746,
    0.5977838592509092,
    0.5929611593611159,
    0.5915780906581273,
    0.5929258603413227,
    0.5948959265093682,
    0.5978213784805799,
    0.6018463621957827,
    0.6085926325897039,
    0.6125513051273459,
    0.6110932751858639,
    0.6049152718130815,
    0.6002907504848505,
    0.598658493830491,
    0.5992393844713599,
    0.5995697677135468,
    0.5997850428319583,
    0.6007146023971549,
    0.6030548395494283,
    0.606465465499688,
    0.6073220304008258,
    0.6059025681372416,
    0.6049875203456919,
    0.604260823168492,
    0.603320050479497,
    0.6033968414037915
  ],
  "test_accuracy": [
    3.28,
    14.08,
    24.106666666666666,
    36.266666666666666,
    41.76,
    48.48,
    51.333333333333336,
    54.45333333333333,
    56.77333333333333,
    59.84,
    62.026666666666664,
    64.88,
    67.06666666666666,
    67.06666666666666,
    66.74666666666667,
    68.16,
    70.32,
    72.42666666666666,
    73.78666666666666,
    75.06666666666666,
    75.70666666666666,
    75.81333333333333,
    76.48,
    77.12,
    77.36,
    77.73333333333333,
    77.94666666666667,
    78.0,
    78.50666666666666,
    78.69333333333333,
    78.50666666666666,
    78.32,
    78.66666666666667,
    79.01333333333334,
    79.30666666666667,
    79.6,
    79.81333333333333,
    79.76,
    79.94666666666667,
    80.24,
    80.8,
    80.72,
    80.90666666666667,
    80.74666666666667,
    80.72,
    80.90666666666667,
    81.09333333333333,
    81.22666666666667,
    81.25333333333333,
    81.33333333333333,
    81.17333333333333,
    81.14666666666666,
    81.04,
    81.28,
    81.30666666666667,
    81.57333333333334,
    81.73333333333333,
    81.73333333333333,
    81.70666666666666,
    81.84,
    81.84,
    81.92,
    81.86666666666666,
    81.97333333333333,
    82.29333333333334,
    82.08,
    82.18666666666667,
    82.21333333333334,
    82.32,
    82.34666666666666,
    82.16,
    82.24,
    82.4,
    82.45333333333333,
    82.42666666666666,
    82.29333333333334,
    82.34666666666666,
    82.48,
    82.58666666666667,
    82.50666666666666,
    82.10666666666667,
    81.84,
    82.13333333333334,
    81.86666666666666,
    81.84,
    82.16,
    82.50666666666666,
    82.72,
    82.77333333333333,
    82.58666666666667,
    82.66666666666667,
    82.58666666666667,
    82.37333333333333,
    82.08,
    82.13333333333334,
    82.26666666666667,
    82.34666666666666,
    82.34666666666666,
    82.64,
    82.56
  ]
}