{
  "config": {
    "num_clients": 10,
    "num_rounds": 100,
    "local_epochs": 5,
    "client_optimizer": "sgd",
    "server_aggregator": "fedadamw",
    "client_lr": 0.01,
    "server_lr": 0.01,
    "alpha": 0.5,
    "batch_size": 32,
    "seed": 42
  },
  "rounds": [
    1,
    2,
    3,
    4,
    5,
    6,
    7,
    8,
    9,
    10,
    11,
    12,
    13,
    14,
    15,
    16,
    17,
    18,
    19,
    20,
    21,
    22,
    23,
    24,
    25,
    26,
    27,
    28,
    29,
    30,
    31,
    32,
    33,
    34,
    35,
    36,
    37,
    38,
    39,
    40,
    41,
    42,
    43,
    44,
    45,
    46,
    47,
    48,
    49,
    50,
    51,
    52,
    53,
    54,
    55,
    56,
    57,
    58,
    59,
    60,
    61,
    62,
    63,
    64,
    65,
    66,
    67,
    68,
    69,
    70,
    71,
    72,
    73,
    74,
    75,
    76,
    77,
    78,
    79,
    80,
    81,
    82,
    83,
    84,
    85,
    86,
    87,
    88,
    89,
    90,
    91,
    92,
    93,
    94,
    95,
    96,
    97,
    98,
    99,
    100
  ],
  "train_loss": [
    5.858877462054056,
    3.904679779022459,
    3.3794731374770874,
    3.1572551992204456,
    2.5227593675492304,
    2.1007217509405955,
    1.9081016230204748,
    1.7232509056727092,
    1.5506936538787115,
    1.3968507590748014,
    1.2784955652933272,
    1.1683424342246282,
    1.0670254107505557,
    1.0044115157354445,
    0.973068193310783,
    0.921503450189318,
    0.8538348698426806,
    0.7869093872251964,
    0.7396557274318877,
    0.7094103249292525,
    0.6880495794235714,
    0.6700980152402606,
    0.6521129567944814,
    0.6344416659502756,
    0.6162482457501548,
    0.5984517842058151,
    0.5824922204963745,
    0.5667208605815494,
    0.5514189875315106,
    0.538530429204305,
    0.5281046394790921,
    0.5186333928316359,
    0.5097522948469434,
    0.5012050789026987,
    0.4916945920577125,
    0.48075662931752583,
    0.4698220382607172,
    0.46143976729067543,
    0.454920777725795,
    0.4488952521766935,
    0.4427784522847524,
    0.43768353050663356,
    0.4315825603784077,
    0.42478623891633654,
    0.41691116775785175,
    0.409258155832215,
    0.4036965923649924,
    0.40054714277623193,
    0.3985380393172067,
    0.394317323726321,
    0.38861296243137783,
    0.38108258020310176,
    0.3742553288974459,
    0.3688343231167112,
    0.36507412223588853,
    0.36247090214774724,
    0.361027928926642,
    0.36087853863598807,
    0.3576624219616254,
    0.3512382185648358,
    0.34360435001906897,
    0.3375385942913237,
    0.3347200447368243,
    0.3325706509843705,
    0.3294473522239261,
    0.3259506148714868,
    0.32263790863373926,
    0.320889703101582,
    0.3178783653983994,
    0.3133352756027191,
    0.30997472989653785,
    0.30677508077924215,
    0.30451988452483736,
    0.30189262910021675,
    0.3000421857550031,
    0.29833631383048165,
    0.2951421045831272,
    0.29058666917539777,
    0.2876213396352435,
    0.28543549007366575,
    0.2848072714275784,
    0.2850908042182998,
    0.2877615050427497,
    0.28825525537369745,
    0.28490989939087913,
    0.2779172048682258,
    0.2721028041744989,
    0.26851239433837315,
    0.26516044246298925,
    0.26195167501767475,
    0.25958387967613006,
    0.2572277701563305,
    0.25524574009672046,
    0.25376158243133906,
    0.25245779882820824,
    0.25067307989275645,
    0.24820219618933542,
    0.24537720956972667,
    0.2436049413822946,
    0.2431549694803026
  ],
  "test_loss": [
    5.943338018352702,
    3.948163693234072,
    3.403111696243286,
    3.1820739325830494,
    2.559049707348064,
    2.1461086586370306,
    1.9783200909525662,
    1.8306433406926819,
    1.6840263579861592,
    1.529230674444619,
    1.398385082766161,
    1.2799007569329213,
    1.1792026631912942,
    1.1204581215219982,
    1.0884910655223716,
    1.0366025885282937,
    0.9697380975141363,
    0.9049793512134229,
    0.8600133925171222,
    0.8329851501068827,
    0.8160184669797703,
    0.8013312634775194,
    0.7852833586729179,
    0.7692046079595211,
    0.7534812085204206,
    0.7391532712568671,
    0.7266010591539286,
    0.7150610975794873,
    0.7043344658815255,
    0.6953107431783514,
    0.6887475625943329,
    0.682454787952415,
    0.6770728538602085,
    0.6724241134726395,
    0.6686837998992305,
    0.6628174581643889,
    0.6527833917762264,
    0.6468509811339742,
    0.6437473151264554,
    0.6406254023944927,
    0.6380028182293399,
    0.6365694273578919,
    0.6339305308410677,
    0.6307314078686601,
    0.6271438061938448,
    0.623985478559793,
    0.6232859219534922,
    0.623290591320749,
    0.62364420458927,
    0.6213413149876109,
    0.618317639297348,
    0.6143382666474682,
    0.6119358937366534,
    0.6096374419659881,
    0.6088139130023577,
    0.6081618313693394,
    0.6078359320507212,
    0.6095838760167865,
    0.6096937323020677,
    0.6085651487869731,
    0.6046055243429491,
    0.6000012299519474,
    0.6008868729537826,
    0.6024744510650635,
    0.6031016956825378,
    0.6026140251275847,
    0.5970723012746391,
    0.5957719725951299,
    0.595704056006872,
    0.5956198409578558,
    0.597780603789172,
    0.6012556238447205,
    0.6038148376017304,
    0.6036695863862159,
    0.6005998753263788,
    0.5966116352227785,
    0.5930314842548411,
    0.5912031467562004,
    0.5918618087672581,
    0.5936010408578283,
    0.5948834211518199,
    0.5969783736992691,
    0.6039070322857065,
    0.6091636641550873,
    0.6098461528703317,
    0.6043937834516421,
    0.6008070300064855,
    0.5991193801164627,
    0.5986742532606852,
    0.5976213856395018,
    0.5967885300643363,
    0.5976529706080081,
    0.6005781954627926,
    0.6050029042792522,
    0.6076094265711509,
    0.6080209943071261,
    0.6064818127049227,
    0.6031141611984221,
    0.6001132311836138,
    0.5983295931275618
  ],
  "test_accuracy": [
    3.28,
    14.666666666666666,
    25.946666666666665,
    37.013333333333335,
    43.626666666666665,
    48.586666666666666,
    51.57333333333333,
    54.74666666666667,
    56.93333333333333,
    59.733333333333334,
    61.86666666666667,
    64.37333333333333,
    66.64,
    67.54666666666667,
    66.90666666666667,
    67.73333333333333,
    70.29333333333334,
    72.85333333333334,
    74.48,
    75.33333333333333,
    75.57333333333334,
    75.84,
    76.56,
    76.72,
    77.14666666666666,
    77.78666666666666,
    77.97333333333333,
    78.24,
    78.50666666666666,
    78.58666666666667,
    78.66666666666667,
    78.85333333333334,
    79.06666666666666,
    79.44,
    79.49333333333334,
    79.41333333333333,
    79.6,
    80.13333333333334,
    80.26666666666667,
    80.56,
    80.53333333333333,
    80.61333333333333,
    80.82666666666667,
    80.8,
    80.90666666666667,
    81.22666666666667,
    81.30666666666667,
    81.2,
    81.14666666666666,
    81.17333333333333,
    81.09333333333333,
    81.25333333333333,
    81.41333333333333,
    81.62666666666667,
    81.81333333333333,
    81.81333333333333,
    81.89333333333333,
    81.76,
    81.6,
    81.78666666666666,
    81.94666666666667,
    81.97333333333333,
    81.81333333333333,
    81.92,
    81.92,
    82.08,
    81.97333333333333,
    82.05333333333333,
    82.0,
    82.08,
    82.26666666666667,
    82.10666666666667,
    82.18666666666667,
    82.05333333333333,
    82.13333333333334,
    82.29333333333334,
    82.53333333333333,
    82.64,
    82.64,
    82.58666666666667,
    82.21333333333334,
    82.24,
    81.92,
    81.86666666666666,
    81.65333333333334,
    82.0,
    82.18666666666667,
    82.37333333333333,
    82.26666666666667,
    82.34666666666666,
    82.26666666666667,
    82.32,
    81.92,
    81.97333333333333,
    81.92,
    81.81333333333333,
    82.05333333333333,
    82.21333333333334,
    82.08,
    82.08
  ]
}